"loc";"prv";"localidad"
0;0;"                              "
1;1;"CIUDAD AUTONOMA BUENOS AIRES  "
1;2;"BUENOS AIRES                  "
1;3;"CATAMARCA                     "
1;4;"CORDOBA                       "
1;5;"CORRIENTES                    "
1;6;"CHACO                         "
1;7;"CHUBUT                        "
1;8;"ENTRE RIOS                    "
1;9;"FORMOSA                       "
1;10;"SAN SALVADOR DE JUJUY         "
1;11;"LA PAMPA                      "
1;12;"LA RIOJA                      "
1;13;"MENDOZA                       "
1;14;"MISIONES                      "
1;15;"NEUQUEN                       "
1;16;"RIO NEGRO                     "
1;17;"SALTA                         "
1;18;"SAN JUAN                      "
1;19;"SAN LUIS                      "
1;20;"SANTA CRUZ                    "
1;21;"SANTA FE                      "
1;22;"SANTIAGO DEL ESTERO           "
1;23;"TIERRA DEL FUEGO              "
1;24;"TUCUMAN                       "
2;2;"MONTE CHINGOLO                "
2;16;"헬RIHUAO                      "
2;22;"A헤TUYA                       "
3;2;"ABASTO                        "
3;13;"AGRELO                        "
3;14;"ALBA POSSE                    "
4;2;"ABBOTT                        "
4;4;"ACHIRAS (DEPTO DE RIO CUARTO) "
5;5;"ABELI                         "
5;21;"AARON CASTELLANOS             "
5;24;"ACONQUIJA                     "
6;6;"ARROYO QUINTANA               "
6;10;"ABRA PAMPA                    "
6;14;"APOSTOLES                     "
6;16;"AGUADA DE CORDOBA             "
7;2;"ACASSUSO                      "
7;7;"ALDEA APELEG                  "
7;12;"OLTA                          "
7;14;"ARISTOBULO DEL VALLE          "
8;4;"ADELIA MARIA                  "
8;8;"ALBERTO GERCHUNOFF            "
9;6;"BARRANQUERAS                  "
9;9;"ALTO ALEGRE                   "
10;10;"AGUA CHICA                    "
10;11;"ALTA ITALIA                   "
10;13;"ALGARROBAL ARRIBA             "
11;11;"ANGUIL                        "
12;2;"ADELA CORTI                   "
12;4;"AGUA DE ORO                   "
12;17;"AGUARAY                       "
12;18;"ALBARDON                      "
13;6;"BRIO LA CAPILLA               "
13;7;"ALTO RIO SENGUER              "
13;13;"ALPATACAL                     "
13;15;"ALUMINE                       "
13;18;"ALBARRACIN                    "
13;21;"ALCORTA                       "
14;2;"ADOLFO F ORMA APDRO FCGB      "
14;5;"AGUARA CUA                    "
14;12;"AIMOGASTA                     "
14;14;"ARROYO MAGDALENA              "
14;15;"ANDACOLLO                     "
14;21;"ALDAO                         "
15;2;"ADOLFO GONZALES CHAVES        "
15;15;"ANQUINCO                      "
15;16;"AGUARA                        "
16;2;"INGENIERO ADOLFO SOURDEAUX    "
16;16;"ALANITOS                      "
16;24;"AGUILARES                     "
17;2;"ADROGUE                       "
17;3;"ALIJILAN                      "
17;13;"ALTO DEL SALVADOR             "
17;17;"ALEM                          "
17;25;"PUNTA DEL ESTE - URUGUAY      "
18;16;"ALLEN                         "
18;18;"ALTO HUACO                    "
18;21;"ALVEAR                        "
19;18;"AMBAS PUNTILLAS               "
19;19;"ALGARROBAL (RENCA)            "
19;20;"CA헤DA MOLINARI               "
19;24;"ALDERETES                     "
20;5;"ALAMO (GOYA - DEPTO DE GOYA)  "
20;20;"CA헤DON BOTELLO               "
20;21;"AMENABAR                      "
21;8;"ALDEA MARIA LUISA             "
21;21;"ANDINO                        "
22;22;"AGUA SALADA                   "
24;2;"AGUSTIN FERRARI               "
24;12;"AMILGANCHO                    "
24;24;"ALTA GRACIA DE VILLA BURRUYACU"
26;2;"AGUSTIN ROCA                  "
26;15;"BAJADA DEL AGRIO              "
27;7;"BAHIA CRACHER                 "
29;5;"ALGARROBALES                  "
29;20;"CA헤DON SECO                  "
30;2;"ALASTUEY APDRO FCGU           "
30;4;"ALEJO LEDESMA                 "
30;14;"MONTECARLO                    "
30;21;"ARMSTRONG                     "
31;11;"BRIO FENIX                    "
31;21;"AROCENA                       "
32;2;"ALBERDI                       "
33;2;"ALBERTI                       "
34;3;"ANDALGALA                     "
34;5;"ALVEAR                        "
35;14;"BERNARDO DE IRIGOYEN          "
35;20;"EL CALAFATE                   "
36;13;"LUNLUNTA                      "
36;20;"CALETA OLIVIA                 "
37;2;"ALDO BONZI                    "
37;15;"BRIO BOUQUET ROLDAN           "
38;6;"CAMPO LARGO                   "
39;2;"ALEJANDRO PETION              "
39;4;"ALTA GRACIA                   "
39;21;"ARROYO SECO                   "
40;16;"BALNEARIO LAS GRUTAS          "
42;11;"CALEUFU                       "
42;15;"BRIO PELIGROSO                "
43;2;"ALFREDO DEMARCHI              "
43;17;"APOLINARIO SARAVIA            "
43;23;"RIO GRANDE                    "
44;7;"BRIO CIUDADELA                "
44;13;"BERMEJO                       "
45;6;"CHARADAI                      "
46;6;"CHARATA                       "
47;2;"ALIANZA ALMACENES             "
48;13;"BRIO BOMBAL SUD               "
48;21;"AVELLANEDA                    "
50;22;"AMBARGASTA                    "
50;23;"USHUAIA                       "
52;13;"BRIO COMERCIO                 "
53;14;"CAMPO GRANDE                  "
54;7;"BRIO PROSPERO PALAZZO         "
54;9;"CLORINDA                      "
54;14;"CAMPO RAMON                   "
54;21;"BARRANCAS                     "
55;2;"ALMTE BROWN                   "
55;18;"BARRIO RAWSON                 "
56;2;"ALMIRANTE IRIZAR              "
56;18;"RIVADAVIA                     "
57;4;"ALTO VERDE                    "
57;11;"CATRILO                       "
57;14;"CAMPO VIERA                   "
58;6;"COLONIA BENITEZ               "
58;14;"CANDELARIA                    "
59;11;"A. CEBALLOS                   "
59;13;"BRIO GRAL SAN MARTIN          "
60;14;"CAPIOVISI헲                   "
61;4;"AMBUL                         "
61;14;"CAPIOVY                       "
61;18;"CA헤DA                        "
62;2;"EL TALAR                      "
62;13;"LUZURIAGA                     "
62;15;"CALIHUE                       "
63;21;"BIGAND                        "
64;21;"BOMBAL                        "
65;2;"ALTOS DE TRISTAN SUAREZ       "
65;3;"BELEN                         "
65;8;"ARROYO CONCEPCION             "
67;20;"EL CERRITO                    "
68;2;"ALVARO BARROS                 "
70;4;"ARGUELLO                      "
70;12;"CATUNA                        "
70;17;"BELGRANO                      "
71;4;"ARIAS                         "
72;5;"BA헤DO NORTE                  "
73;2;"AMERICA                       "
73;4;"ARPRTO CORDOBA                "
74;10;"CATAMONTA헤                   "
74;12;"CHAMICAL                      "
74;13;"BRIO SARMIENTO                "
74;16;"CATRIEL                       "
74;18;"CAPITAN LAZO                  "
75;4;"ARROYITO                      "
75;15;"CAVIAHUE                      "
75;20;"EL MANGRULLO                  "
76;11;"COLONIA BARON                 "
77;4;"ARROYO ALGODON                "
77;12;"CHEPES                        "
77;15;"CENTENARIO                    "
77;18;"CAUCETE                       "
77;21;"BARRIO CAIMA                  "
78;6;"JUAN JOSE CASTELLI            "
78;14;"APOSTOLES                     "
78;24;"BANDA DEL RIO SALI            "
79;12;"CHILECITO                     "
80;14;"COLONIA AURORA                "
83;17;"BARRIO LA LOMA                "
83;18;"CHIMBAS                       "
83;24;"BELLA VISTA                   "
84;13;"BUENA NUEVA                   "
88;17;"BRIO PARQUE 3 CERRITOS        "
90;2;"ARENAZA                       "
90;14;"COLONIA GUARANI               "
90;16;"CHACRAS DE ALLEN              "
91;4;"ASCONCHINGA                   "
91;5;"BELLA VISTA                   "
91;12;"DESIDERIO TELLO               "
93;14;"COLONIA JAPONESA              "
93;24;"BANDA DEL RIO SALI            "
94;4;"ATOS PAMPA                    "
95;2;"ARISTOBULO DEL VALLE          "
95;6;"COLONIA POPULAR               "
96;16;"CHICHINALES                   "
97;2;"ARRECIFES                     "
97;8;"ARROYO MOREIRA                "
98;10;"VILLA CIUDAD DE NIEVA         "
99;13;"CAMPAMENTOS                   "
99;19;"BEAZLEY                       "
103;3;"CASAS VIEJAS (DEPTO AMBATO)   "
103;17;"CACHI                         "
104;3;"CATAMARCA                     "
105;6;"COLONIAS UNIDAS               "
105;13;"CAPILLA DEL ROSARIO           "
106;6;"CONCEPCION DEL BERMEJO        "
106;16;"CINCO SALTOS                  "
107;6;"CORZUELA                      "
107;13;"CARBOMETAL                    "
107;16;"CIPOLLETTI                    "
107;17;"CAFAYATE                      "
108;6;"COTE LAI                      "
108;15;"CHOS MALAL                    "
108;22;"BANDERA                       "
109;17;"CALDERA                       "
109;20;"GOBERNADOR GREGORES           "
110;15;"SAN MARTIN DE LOS ANDES       "
111;14;"WANDA                         "
113;17;"ROSARIO DE LERMA              "
113;20;"GUARKENKEN AIKE               "
114;4;"BAJO GRANDE                   "
114;13;"CARRODILLA                    "
114;14;"25 DE MAYO                    "
115;4;"BAJO GRANDE                   "
115;14;"CONCEPCION DE LA SIERRA       "
115;16;"CATRIEL                       "
116;9;"EL COLORADO                   "
117;7;"CHOLILA                       "
117;17;"CAMPAMENTO VESPUCIO           "
117;21;"BRIO SUR                      "
118;18;"DESAMPARADOS                  "
119;2;"ARROYO ARROYON FELICARIA      "
119;7;"COMODORO RIVADAVIA            "
119;13;"CERRILLOS AL SUD              "
122;15;"CORRENTOSO                    "
123;4;"BALLESTEROS                   "
124;3;"CHUMBICHA                     "
124;16;"COLONIA RUSA                  "
125;13;"CHACRAS DE CORIA              "
126;8;"AV EJTO PARANA                "
128;6;"TRES ISLETAS                  "
130;7;"COLELACHE                     "
132;15;"CUTRAL CO                     "
132;21;"CA헤DA DE GOMEZ               "
133;8;"BASAVILBASO                   "
133;13;"CORONEL DORREGO               "
136;4;"BELL VILLE                    "
136;21;"CA헤DA ROSQUIN                "
137;14;"ELDORADO                      "
138;14;"ENSANCHE ESTE                 "
138;17;"CASTELLANOS                   "
141;4;"BERROTARAN                    "
141;7;"DIADEMA ARGENTINA             "
142;6;"EL ZAPALLAR                   "
142;17;"CERRILLOS                     "
142;21;"CAFFERATA                     "
143;4;"BIALET MASSE                  "
143;14;"FLORENTINO AMEGHINO           "
143;21;"CALCHAQUI                     "
144;13;"COLONIA BOMBAL                "
144;24;"LOS RALOS                     "
147;14;"GARUHAPE                      "
148;14;"GARUPA                        "
149;4;"BOUWER                        "
149;11;"25 DE MAYO                    "
150;4;"BRINKMANN                     "
150;9;"FORMOSA                       "
151;6;"FONTANA                       "
151;14;"GOBERNADOR ROCA               "
152;14;"GENERAL ALVEAR                "
153;4;"BRIO ACOSTA                   "
153;16;"EL BOLSON                     "
154;14;"GUARANI                       "
155;15;"EL HUECU                      "
157;4;"BRIO ALBERDI                  "
159;4;"BRIO ALBORADA                 "
160;14;"PUERTO IGUAZU                 "
161;13;"COLONIA SANTA TERESA          "
162;4;"BRIO ALTA CORDOBA             "
163;4;"BRIO ALTAMIRA                 "
163;21;"CAMPO EL ARAZA                "
164;4;"BRIO ALTO ALBERDI             "
164;6;"GENERAL JOSE DE SAN MARTIN    "
164;13;"3 DE MAYO                     "
165;4;"BRIO ALTO ALBERDI             "
167;6;"GRAL PINEDO                   "
167;13;"COQUIMBITO                    "
167;17;"CORONEL MOLDES                "
168;4;"BRIO ALTO PALERMO             "
168;6;"GRAL VEDIA                    "
168;13;"CORDON DE PLATA               "
169;4;"BRIO ALTO SUD SAN VICENTE     "
170;4;"BRIO ALTO VERDE               "
170;14;"JARDIN AMERICA                "
171;4;"BRIO ALTOS DE SAN MARTIN      "
171;20;"LAS HERAS                     "
173;4;"BRIO ALTOS DE V SARSFIELD     "
173;17;"SAN ANTONIO DE LOS COBRES     "
174;4;"BRIO AMEGHINO                 "
174;13;"CRUZ DE PIEDRA                "
175;4;"BRIO AMPLIACION AMERICA       "
178;4;"BRIO ARGUELLO                 "
179;20;"LOS ANTIGUOS                  "
183;9;"IBARRETA                      "
184;4;"BRIO AYACUCHO                 "
185;9;"ING GUILLERMO N JUAREZ        "
188;16;"GRAL. ENRIQUE GODOY           "
189;14;"LEANDRO N ALEM                "
189;16;"GENERAL FERNANDEZ ORO         "
190;4;"BRIO BAJO PALERMO             "
190;14;"LIBERTAD                      "
191;4;"BRIO BARRANCA YACO            "
193;16;"GRAL ROCA                     "
194;4;"BRIO BELLA VISTA              "
194;7;"ESQUEL                        "
194;13;"EL ALTO                       "
196;8;"CASEROS                       "
196;14;"LOS HELECHOS                  "
198;10;"PERICO DEL CARMEN             "
199;8;"CEIBAS                        "
199;10;"LA QUIACA                     "
199;22;"CAMPO GALLO                   "
201;4;"BRIO CABILDO                  "
201;8;"LA PAZ                        "
202;16;"INGENIERO JACOBACCI           "
203;19;"EL CHORRILLO                  "
205;7;"GAIMAN                        "
206;4;"BRIO CASEROS                  "
208;4;"BRIO CENTENO                  "
208;8;"CHAJARI                       "
208;12;"LA REFORMA                    "
208;15;"JUNIN DE LOS ANDES            "
209;4;"BRIO CENTRO                   "
210;4;"BRIO CENTRO AMERICA           "
210;12;"LA RIOJA                      "
210;15;"VILLA LA ANGOSTURA            "
212;4;"BRIO CERRO CHICO              "
212;21;"CANDIOTI                      "
213;4;"BRIO CERRO DE LAS ROSAS       "
213;14;"MONTECARLO                    "
213;21;"CAPITAN BERMUDEZ              "
214;4;"BRIO CERRO NORTE              "
215;4;"BRIO CERVECEROS               "
217;4;"BRIO CHATEAU CARRERAS         "
217;24;"CONCEPCION                    "
218;14;"OBERA                         "
218;21;"CARCARA헤                     "
219;4;"BRIO CIUDADELA                "
219;8;"COLONIA ADELA                 "
220;4;"BRIO CNEL OLMEDO              "
220;7;"JOSE DE SAN MARTIN            "
221;4;"BRIO COFICO                   "
221;7;"JUAREZ CELMAN                 "
222;6;"LA ESCONDIDA                  "
222;20;"PICO TRUNCADO                 "
222;21;"CARLOS PELLEGRINI             "
223;4;"BRIO COL VELEZ SARSFIELD      "
224;4;"BRIO COLINAS DEL CERRO        "
224;14;"PANAMBI                       "
225;4;"BRIO COLON                    "
225;17;"EL CARRIL                     "
227;6;"LA LEONESA                    "
228;4;"BRIO CONSOR ESPERANZA         "
228;9;"LAGUNA BLANCA                 "
229;20;"PUERTO DESEADO                "
230;4;"BRIO COUNTRY CLUB             "
230;7;"KM 8 CMDRO RIVADAVIA          "
230;21;"CASILDA                       "
231;4;"BRIO CRISOL                   "
231;20;"PUERTO SAN JULIAN             "
232;9;"LAGUNA NAICK NECK             "
232;14;"LEANDRO N ALEM                "
232;16;"CIPOLLETTI                    "
232;20;"PUERTO SANTA CRUZ             "
233;4;"BARRIO DEAN FUNES             "
233;9;"LAGUNA YEMA                   "
234;4;"BRIO DEAN FUNES               "
234;14;"OBERA                         "
236;13;"EL SAUCE                      "
238;9;"LAS LOMITAS                   "
238;21;"CHA헤R LADEADO                "
239;10;"LEDESMA                       "
239;17;"EL ENCON                      "
240;4;"BRIO EJTO ARGENTINO           "
240;11;"GRAL. ACHA                    "
241;10;"LIB GRAL SAN MARTIN           "
242;4;"BARRIO DEL LIBERTADOR         "
242;11;"GRAL. PICO                    "
242;17;"EL GALPON                     "
243;8;"CERRITO                       "
245;4;"BRIO EL REFUGIO               "
246;21;"CLUCELLAS                     "
247;20;"RIO GALLEGOS                  "
249;20;"RIO TURBIO                    "
249;21;"CNEL. BOGADO                  "
250;6;"LA VERDE                      "
251;4;"BRIO EMPALME                  "
251;21;"CNEL. RODOLFO S DOMINGUEZ     "
253;4;"BRIO ESCOBAR                  "
253;11;"INT. ALVEAR                   "
253;13;"FRAY LUIS BELTRAN             "
254;4;"BRIO EST FLORES               "
255;5;"COLONIA LIEBIG S              "
256;7;"LAGO PUELO                    "
256;13;"GOBERNADOR BENEGAS            "
257;8;"COLONIA ELISA                 "
257;14;"POSADAS                       "
258;4;"BRIO FERREYRA                 "
259;4;"BRIO FERROVIARIO MITRE        "
259;6;"LAS BRE헤S                    "
259;13;"GODOY CRUZ                    "
260;15;"LAS LAJAS                     "
261;12;"MILAGRO                       "
261;13;"GOUDGE                        "
262;20;"TRES LAGOS                    "
263;13;"GRAL ALVEAR                   "
264;13;"GENERAL GUTIERREZ             "
264;15;"LAS PERLAS                    "
265;6;"LAS PALMAS                    "
265;13;"GENERAL ORTEGA                "
265;19;"EL AMPARO                     "
266;4;"BRIO GRAL ARTIGAS             "
266;12;"NONOGASTA                     "
266;13;"GRAL SAN MARTIN               "
268;20;"28 DE NOVIEMBRE               "
269;4;"BRIO GRAL BUSTOS              "
269;12;"OLTA                          "
269;20;"COMANDANTE LUIS PIEDRABUENA   "
271;8;"COLONIA GENERAL ROCA          "
271;24;"EL CHA헤R                     "
273;4;"BRIO GRAL PAZ                 "
273;14;"PUERTO ESPERANZA              "
274;4;"BRIO GRAL ROCA                "
274;13;"ING GIAGNONI                  "
275;9;"FORMOSA                       "
276;14;"PRTO HELVECIA                 "
280;4;"BRIO GRANJA DE FUNES          "
280;13;"JESUS NAZARENO                "
282;4;"BRIO GUEMES                   "
283;4;"BRIO GUI헤ZU                  "
284;16;"LLAO LLAO                     "
284;17;"EL TIPAL                      "
288;2;"ZARATE                        "
288;4;"BRIO INAUDI                   "
288;5;"CONCEPCION                    "
289;4;"BRIO INDEPENDENCIA            "
289;18;"POCITO-ABERASTAIN             "
291;2;"ARROYO PACIF DE LA SERNA      "
291;5;"CORRIENTES                    "
291;9;"PIRANE                        "
291;14;"PIRAY                         "
292;4;"BRIO IPONA                    "
292;16;"LOS MENUCOS                   "
293;3;"ESQUIU                        "
293;12;"PRTO ALEGRE (LA RIOJA-DEP CAPI"
293;14;"PUERTO RICO                   "
294;3;"POMAN                         "
296;4;"BRIO ITUZAINGO                "
297;4;"BRIO JARDIN                   "
298;16;"LUIS BELTRAN                  "
299;4;"BRIO JARDIN DEL PILAR         "
300;4;"BRIO JARDIN ESPINOSA          "
301;4;"BRIO JARDIN HIPODROMO         "
303;4;"BRIO JORGE NEWBERY            "
304;4;"BRIO JOSE HERNANDEZ           "
304;19;"EL DURAZNO                    "
306;4;"BRIO JOSE IGNACIO DIAZ        "
307;4;"BRIO JUAN XXIII               "
307;10;"PALPALA                       "
307;13;"LA COLONIA                    "
307;16;"MAQUINCHAO                    "
308;4;"BRIO JUNIORS                  "
308;13;"LA CONSULTA                   "
309;4;"BRIO KENNEDY                  "
310;4;"BRIO KENNEDY                  "
311;12;"SALICAS SAN BLAS              "
311;13;"LA DORMIDA                    "
313;3;"HUALFIN                       "
313;5;"CUAY CHICO SANTO TOME         "
315;4;"BARRIO LA FORTUNA             "
315;12;"AIMOGASTA                     "
316;4;"BRIO LA FRANCE                "
318;4;"BRIO LA SALLE                 "
319;5;"CURUZU CUATIA                 "
319;10;"PERICO DEL CARMEN             "
319;14;"RUIZ DE MONTOYA               "
320;3;"HUILLAPIMA                    "
322;4;"BRIO LAS FLORES               "
323;3;"ICA헲                         "
323;4;"BRIO LAS MAGNOLIAS            "
323;14;"SAN ANTONIO                   "
323;17;"GENERAL ENRIQUE MOSCONI       "
324;4;"BRIO LAS MARGARITAS           "
324;14;"SAN FRANCISCO DE ASIS         "
324;17;"GRAL GUEMES                   "
324;18;"SAN JUAN                      "
325;4;"BRIO LAS PALMAS               "
325;15;"NEUQUEN                       "
325;18;"SAN MARTIN                    "
326;4;"BRIO LAS ROSAS                "
327;22;"CONTRERAS ESTABLECIMIENTO     "
328;4;"BRIO LEANDRO N ALEM           "
328;14;"POSADAS                       "
329;14;"SAN JAVIER                    "
330;4;"BRIO LOMAS DE SAN MARTIN      "
330;13;"LA PAZ                        "
330;14;"SAN JOSE                      "
330;18;"VILLA KRAUSE                  "
331;18;"SANTA LUCIA                   "
334;4;"BRIO LOS BOULEVARES           "
334;7;"RIO MAYO                      "
334;14;"SAN PEDRO                     "
335;4;"BRIO LOS CAROLINOS            "
336;14;"SAN VICENTE                   "
337;4;"BRIO LOS GIGANTES             "
337;13;"VISTA FLORES                  "
338;4;"BRIO LOS GRANADOS             "
338;13;"LA PUNTILLA                   "
339;6;"PAMPA DEL INDIO               "
340;6;"PAMPA DEL INFIERNO            "
340;7;"PICO SALAMANCA                "
341;4;"BRIO LOS NARANJOS             "
341;14;"SANTA RITA                    "
342;11;"LA HUMADA                     "
343;4;"BRIO LOS OLMOS                "
343;14;"SANTO PIPO                    "
344;4;"BRIO LOS PARAISOS             "
346;2;"ARTURO SEGUI                  "
346;4;"BRIO LOS PLATANOS             "
347;2;"ARTURO VATTEONE               "
347;4;"BRIO LOS ROBLES               "
347;7;"PUERTO MADRYN                 "
348;2;"ASAMBLEA                      "
348;7;"PUERTO PIRAMIDES              "
349;4;"BRIO LOURDES                  "
349;13;"AGRELO                        "
350;15;"PICUN LEUFU                   "
352;4;"BRIO MAIPU                    "
353;15;"PIEDRA DEL AGUILA             "
354;2;"ATUCHA                        "
355;4;"BRIO MARCELO T DE ALVEAR      "
355;16;"PIEDRA BLANCA BARILOCHE       "
356;4;"BRIO MARCOS SASTRE            "
356;13;"LAS HERAS                     "
356;18;"URIBURU                       "
357;2;"AVELLANEDA                    "
359;2;"AYACUCHO                      "
359;13;"LAS PAREDES                   "
359;16;"PILCANIYEU                    "
361;4;"BRIO MARQUES SOBREMONTE       "
361;6;"PRESIDENCIA ROQUE SAENZ PE헤  "
361;14;"VILLA BONITA                  "
361;15;"PLAZA HUINCUL                 "
361;21;"CORONDA                       "
362;2;"AZUCENA                       "
362;4;"BRIO MATENZO                  "
362;13;"LAS VEGAS                     "
362;15;"PLOTTIER                      "
362;21;"CORREA                        "
363;2;"AZUL                          "
363;6;"PILAR                         "
363;7;"RADA TILLY                    "
363;18;"VILLA ABERASTAIN              "
365;7;"RAWSON                        "
365;13;"LAVALLE VILLA TULUMAYA        "
367;15;"PUERTO MANZANO                "
368;4;"BRIO MIRIZZI                  "
369;4;"BARRIO MULLER                 "
371;2;"BAHIA BLANCA                  "
372;4;"BRIO NUEVA CORDOBA            "
372;6;"PUERTO TIROL                  "
373;8;"COLONIA YERUA                 "
374;4;"BRIO O헤                      "
374;11;"LA MARUJA                     "
375;6;"PUERTO VILELAS                "
376;2;"BALCARCE                      "
376;4;"BRIO OBSERVATORIO             "
376;5;"ESQUINA                       "
377;4;"BRIO OLIVOS                   "
377;8;"COLON                         "
378;8;"CONCEPCION DEL URUGUAY        "
378;12;"VILLA SANTA RITA              "
378;13;"LOS CORRALITOS                "
379;8;"CONCORDIA                     "
379;12;"VILLA MAZAN                   "
379;13;"LOS CORREDORES                "
379;18;"VILLA KRAUSE                  "
380;2;"BALNEARIO CLAROMECO           "
381;4;"BRIO PALMAR                   "
382;2;"MONTE HERMOSO                 "
382;4;"BRIO PANAMERICANO             "
382;12;"VILLA UNION                   "
383;12;"VINCHINA                      "
383;18;"VILLA MARINI                  "
384;4;"BRIO PARQUE                   "
385;2;"AEROPUERTO EZEIZA             "
385;4;"BRIO PARQUE ATLANTICA         "
385;7;"SARMIENTO                     "
385;8;"CRESPO                        "
386;2;"PUNTA LARA                    "
386;4;"BRIO PARQUE ATLANTIDA         "
388;4;"BRIO PARQUE CAPITAL           "
389;2;"BALSA                         "
389;4;"BRIO PARQUE CHACABUCO         "
389;9;"VILLA DOS TRECE               "
389;16;"RIO COLORADO                  "
390;4;"BRIO PARQUE COHEMA            "
390;14;"2 DE MAYO                     "
391;4;"BRIO PARQUE FUTURA            "
391;10;"SAN PEDRO                     "
392;2;"BANFIELD                      "
392;6;"QUITILIPI                     "
392;10;"SAN PEDRO                     "
393;2;"BARADERO                      "
393;4;"BRIO PARQUE HORIZONTE         "
394;2;"BARKER                        "
394;4;"BRIO PARQUE LATINA            "
395;4;"BRIO PARQUE LICEO             "
396;4;"BRIO PARQUE LOS MOLINOS       "
396;6;"RESISTENCIA                   "
396;10;"SAN SALVADOR DE JUJUY         "
396;13;"LUJAN DE CUYO                 "
397;14;"COLONIA ALBERDI               "
397;15;"RINCON DE EMILIO              "
397;16;"SAN ANTONIO OESTE             "
398;2;"BARTOLOME MITRE               "
398;8;"ROSARIO DEL TALA              "
398;9;"BAHIA NEGRA                   "
398;13;"LUZURIAGA                     "
398;16;"SAN CARLOS DE BARILOCHE       "
399;4;"BRIO PARQUE REPUBLICA         "
399;13;"MAIPU                         "
399;18;"ZONDA                         "
400;13;"MALARGUE                      "
401;4;"BRIO PARQUE SAN CARLOS        "
401;10;"SANTA BARBARA                 "
401;14;"ARROYO                        "
401;15;"RINCON DE LOS SAUCES          "
402;2;"BAYAUCA                       "
402;16;"SAN JORGE                     "
403;2;"BECCAR                        "
403;4;"BRIO PASO DE LOS ANDES        "
403;13;"MAYOR DRUMMOND                "
403;22;"EL BOBADAL                    "
404;2;"BELEN DE ESCOBAR              "
404;4;"BRIO PATRIA                   "
404;6;"SAN BERNARDO                  "
404;8;"CURTIEMBRE                    "
404;21;"EL POZO                       "
405;2;"BELLA VISTA                   "
405;4;"BRIO PATRICIOS                "
406;4;"BRIO POETA LUGONES            "
407;8;"DIAMANTE                      "
407;13;"MEDRANO                       "
408;2;"BENAVIDEZ                     "
408;18;"COLONIA RICHET                "
409;2;"BENITEZ                       "
409;13;"MENDOZA                       "
410;2;"BENITO JUAREZ                 "
410;18;"DIAZ VELEZ                    "
411;2;"BERAZATEGUI                   "
411;4;"BRIO PQUE VELEZ SARSFIELD     "
411;6;"SANTA SYLVINA                 "
411;8;"VILLA DOMINGUEZ               "
412;4;"BRIO PRIMERA JUNTA            "
413;4;"BRIO PROVIDENCIA              "
413;7;"TRELEW                        "
414;2;"BERISSO                       "
414;4;"BRIO PUEYRREDON               "
414;21;"EL TREBOL                     "
415;4;"BRIO QUEBRADA LAS ROSAS       "
415;5;"GDOR. VIRASORO                "
416;2;"BERNAL ESTE                   "
416;4;"BRIO QUINTAS DE ARGUELLO      "
416;7;"TREVELIN                      "
416;12;"PUERTO ALEGRE                 "
416;13;"MONTE COMAN                   "
417;4;"BRIO QUINTAS DE SAN JORGE     "
417;5;"GOYA                          "
417;15;"SAN MARTIN DE LOS ANDES       "
417;21;"ELISA                         "
418;5;"GENERAL PAZ                   "
418;7;"RADA TILLY                    "
418;15;"SAN PATRICIO DEL CHA헤R       "
419;24;"INGENIO LA FLORIDA            "
420;4;"BRIO REMEDIOS DE ESCALADA     "
420;14;"COLONIA ALBERDI               "
422;10;"TILCARA                       "
422;13;"NUEVA CIUDAD                  "
423;2;"BLAQUIER                      "
424;15;"SENILLOSA                     "
424;16;"SIERRA GRANDE                 "
425;4;"BRIO RES SAN CARLOS           "
425;8;"EJIDO COLON                   "
426;13;"PALMIRA                       "
427;21;"ESPERANZA                     "
428;4;"BRIO RES VELEZ SARSFIELD      "
429;4;"BRIO RESIDENCIAL AMERICA      "
430;4;"BRIO RIVADAVIA                "
431;4;"BRIO RIVADAVIA                "
432;2;"BOLIVAR                       "
432;4;"BRIO RIVERA INDARTE           "
433;2;"BONIFACIO                     "
433;7;"RIO PICO                      "
433;21;"ESTACION CLUCELLAS            "
434;4;"BRIO ROGELIO MARTINEZ         "
434;6;"VILLA ANGELA                  "
435;13;"PASO DE LOS ANDES             "
436;4;"BRIO ROSEDAL                  "
436;6;"VILLA BERTHET                 "
436;17;"LA SILLETA                    "
437;2;"OLIVOS                        "
437;24;"JUAN BAUTISTA ALBERDI         "
439;2;"BOSQUES                       "
439;4;"BRIO SAN FERNANDO             "
439;13;"PEDREGAL                      "
440;2;"BOULOGNE                      "
440;4;"BRIO SAN FRANCISCO            "
440;16;"VALLE AZUL                    "
440;21;"VILLA CONSTITUCION            "
441;2;"BOULOGNE                      "
441;4;"BRIO SAN IGNACIO              "
441;13;"PERDRIEL                      "
442;2;"BRAGADO                       "
443;16;"VIEDMA                        "
445;2;"BRIO AERONAUTICO (JOSE C PAZ) "
445;4;"BRIO SAN LORENZO              "
445;19;"HIPOLITO YRIGOYEN             "
446;4;"BRIO SAN LORENZO NORTE        "
447;4;"BRIO SAN LORENZO SUR          "
447;16;"VILLA REGINA                  "
448;10;"VILLA JARDIN DE REYES         "
449;4;"BRIO SAN MARTIN NORTE         "
450;2;"TABLADA                       "
450;4;"BRIO SAN MARTIN               "
450;6;"10 DE MAYO                    "
450;15;"VILLA EL CHOCON               "
451;2;"GLEW                          "
451;5;"ITA IBATE                     "
451;11;"RANCUL                        "
452;6;"COLONIA FLORENCIA             "
452;15;"VILLA LA ANGOSTURA            "
453;5;"ITATI                         "
454;2;"BRIO ALTO VERDE (LAVALLOL)    "
454;4;"BRIO SAN RAFAEL               "
454;15;"VILLA TRAFUL                  "
455;2;"BRIO ALTO VERDE (SAN NICOLAS) "
455;4;"BRIO SAN SALVADOR             "
455;5;"ITUZAINGO                     "
455;16;"ING. LUIS A.HUERGO            "
456;4;"BRIO SAN VICENTE              "
456;8;"EMPALME HOLT                  "
457;2;"BRIO ALTOS DE LAFERRERE       "
457;21;"FIGHIERA                      "
458;4;"BRIO SANTA ANA                "
458;13;"PUENTE DEL INCA               "
458;21;"FIRMAT                        "
459;4;"BRIO SANTA CATALINA           "
460;4;"BRIO SANTA CECILIA            "
460;15;"ZAPALA                        "
461;2;"BRIO ARCA                     "
461;4;"BRIO SANTA CLARA DE ASIS      "
462;10;"YUTO                          "
463;4;"BRIO SANTA ISABEL             "
466;10;"MONTERRICO                    "
467;9;"GENERAL MANUEL BELGRANO       "
467;13;"RAMA CAIDA                    "
468;2;"BRIO AVIACION                 "
470;4;"BRIO SUAREZ                   "
471;10;"ALTO DEL SALADILLO            "
472;2;"BARRIO BATAN                  "
472;4;"BRIO TABLADA PARK             "
472;17;"LAS LAJITAS                   "
473;4;"BRIO TALLERES ESTE            "
474;2;"BRIO BOATING CLUB             "
474;4;"BRIO TALLERES OESTE           "
475;21;"FRANCK                        "
476;2;"BARRIO CAISAMAR               "
476;21;"FRAY LUIS BELTRAN             "
477;4;"BRIO TRANVIARIOS              "
478;12;"COLONIA ALFREDO               "
479;15;"VILLA PEHUENIA                "
480;4;"BRIO URCA                     "
480;21;"FUNES                         "
481;4;"BRIO URITORCO                 "
482;2;"BRIO CENTENARIO               "
482;4;"BRIO VALLE DEL CERRO          "
483;21;"GALVEZ                        "
485;2;"BRIO CHELITO                  "
485;13;"RIVADAVIA                     "
486;24;"LA COCHA                      "
487;13;"RODEO DE LA CRUZ              "
488;13;"RODEO DEL MEDIO               "
489;4;"BRIO VILLA ARGENTINA          "
491;14;"SAN MARTIN                    "
492;4;"BRIO VILLA AZALAIS OESTE      "
493;4;"BRIO VILLA BELGRANO           "
494;4;"BRIO VILLA BUSTOS             "
494;13;"SALTO DE LAS ROSAS            "
495;4;"BRIO VILLA CABRERA            "
495;21;"GENERAL LAGOS                 "
496;4;"BRIO VILLA CENTENARIO         "
496;14;"9 DE JULIO                    "
497;13;"SAN FRANCISCO DEL MONTE       "
497;21;"GRANADERO BAIGORRIA           "
498;8;"FEDERACION                    "
499;4;"BRIO VILLA CORINA             "
499;13;"SAN JOSE DE GUAYMALLEN        "
500;4;"BRIO VILLA CORNU              "
501;4;"BRIO VILLA EL LIBERTADOR      "
502;4;"BRIO VILLA ESQUIU             "
503;13;"SAN MARTIN                    "
504;2;"BRIO DON ORIONE               "
504;16;"BARILOCHE                     "
507;13;"SAN RAFAEL                    "
507;16;"GENERAL ROCA                  "
507;18;"VILLA BERMEJITO               "
508;13;"SAN ROQUE                     "
509;4;"BRIO VILLA MARTA              "
512;13;"SANTA MARIA DE ORO            "
512;21;"SANTA FE                      "
513;4;"BRIO VILLA PAEZ               "
514;2;"BRIO EL DORADO (GONZALEZ CATAN"
515;21;"HUGHES                        "
517;8;"GRAL. GALARZA                 "
517;21;"HUMBOLDT                      "
518;2;"BURZACO                       "
520;21;"IBARLUCEA                     "
521;4;"BRIO VILLA UCARISTICA         "
523;4;"BRIO VILLA UNION              "
523;8;"GUALEGUAY                     "
524;8;"GUALEGUAYCHU                  "
527;4;"BRIO YAPEYU                   "
527;17;"LUIS BURELA                   "
527;24;"TAFI VIEJO                    "
528;2;"BRIO EL PARQUE                "
528;4;"BRIO YOFRE NORTE              "
529;4;"BRIO YOFRE SUD                "
530;8;"HASENKAMP                     "
531;4;"BRIO 1RO DE MAYO              "
532;18;"BA헲S DEL SALADO              "
534;2;"BRIO EL REFUGIO               "
535;4;"BRIO 25 DE MAYO               "
536;13;"TUNUYAN                       "
537;13;"TUPUNGATO                     "
538;13;"UGARTECHE                     "
539;13;"USPALLATA                     "
543;5;"LA CRUZ                       "
544;8;"ISLA DEL IBICUY               "
549;12;"CHILECITO                     "
549;13;"VILLA DE JUNIN                "
549;17;"METAN                         "
552;11;"MIGUEL RIGLOS                 "
552;13;"VILLA HIPODROMO               "
553;2;"BARRIO GARIN NORTE            "
554;2;"BARRIO GASTRONOMICO           "
555;4;"CA헤DA DE LUQUE               "
555;13;"VILLA NUEVA DE GUAYMALLEN     "
559;2;"BRIO GRAL GUEMES              "
560;2;"BRIO GRAL JOSE M PAZ          "
562;6;"ALMIRANTE BROWN               "
565;2;"BRIO GRAL SAN MARTIN          "
566;3;"BA헤DO DE OVANTA              "
566;13;"VILLAS UNIDAS 25 DE MAYO      "
566;14;"PUERTO LIBERTAD               "
567;2;"BRIO GRANDE                   "
568;11;"PARERA                        "
568;13;"VISTALBA                      "
568;22;"FERNANDEZ                     "
571;2;"BRIO HORNOS                   "
572;13;"25 DE MAYO                    "
574;4;"VILLA CURA BROCHERO           "
576;13;"VILLA LOS CORRALITOS          "
577;13;"CIUDAD DE JUNIN               "
577;22;"FRIAS                         "
578;2;"BRIO JARDIN LA PLATA          "
578;11;"PICHI HUINCA                  "
578;24;"LAS TALITAS                   "
579;2;"BRIO JARDIN                   "
579;13;"BARRIO JARDIN LUZURIAGA       "
580;2;"BRIO JARDINES DE MORENO       "
583;4;"CABANA                        "
586;2;"BRIO JOSE INGENIEROS          "
587;11;"QUEMU QUEMU                   "
589;17;"ORAN                          "
590;13;"CERRO ACONCAGUA               "
593;2;"BRIO LA CABA헤                "
593;4;"CALCHIN                       "
593;11;"RANCUL                        "
594;4;"CALCHIN OESTE                 "
594;11;"REALICO                       "
595;4;"CALERA CENTRAL                "
595;10;"ALGARROBAL                    "
596;11;"GUATRACHE                     "
598;4;"CAMILO ALDAO                  "
599;22;"GUARDIA ESCOLTA               "
602;3;"MUTQUIN                       "
602;14;"PANAMBI                       "
603;13;"ALTO DE LAS ARA헤S            "
603;22;"GUAYACAN                      "
604;21;"LA FLORIDA (DEPTO ROSARIO)    "
606;10;"SAN PABLO DE REYES            "
607;8;"CRESPO                        "
607;11;"SALLIQUELLO                   "
608;13;"ALGARROBO                     "
609;21;"LA INES                       "
611;2;"BARRIO LA LUISA               "
618;10;"EL CADILLAL                   "
620;5;"LAVALLE                       "
622;5;"LIBERTAD                      "
622;17;"PAYOGASTA                     "
628;2;"BRIO LA UNION                 "
630;17;"PICHANAL                      "
631;4;"CANALS                        "
631;10;"CERROS ZAPLA                  "
640;2;"BRIO LAS MARGARITAS (QUILMES O"
642;13;"SAN JOSE                      "
643;3;"POMAN                         "
644;21;"LANDETA                       "
646;2;"BRIO LAS TUNAS                "
647;4;"CANTERAS LOS MORALES          "
647;21;"LARRECHEA                     "
648;2;"BRIO LIBERTADOR               "
648;21;"ESPERANZA                     "
652;13;"ARENALES                      "
653;24;"LOS POCITOS                   "
654;21;"LAS DELICIAS                  "
656;21;"LAS GARZAS                    "
660;2;"BRIO LOS GALLITOS             "
660;4;"CAPILLA DEL MONTE             "
661;8;"LA PAZ                        "
661;21;"LAS PAREJAS                   "
662;2;"BRIO LOS MANZANOS             "
664;11;"SANTA INES                    "
666;21;"LAS TOSCAS                    "
667;6;"PASO DE LOS LIBRES            "
667;11;"SANTA ROSA                    "
669;2;"BRIO LOS VASCOS               "
671;4;"CARNERILLOS (COSQUIN-DEPT PUNI"
673;2;"BRIO LUJAN                    "
673;21;"LEHMANN                       "
674;4;"CAROLINA                      "
675;4;"CAROYA                        "
676;21;"LLAMBI CAMPBELL               "
677;4;"CARRILOBO                     "
678;21;"LOMA ALTA                     "
680;8;"LARROQUE                      "
680;21;"LOPEZ                         "
681;2;"BRIO MARIANO MORENO (VALENT AL"
681;24;"LULES                         "
687;2;"BRIO MARTINEZ MORENO          "
687;4;"VILLA DEL TOTORAL             "
692;2;"BRIO MONTE CUDINE             "
700;4;"CABALANGO                     "
701;4;"CAVANAGH                      "
702;11;"VICTORICA                     "
703;2;"BRIO NUEVO                    "
704;3;"SAN ANTONIO DE FRAY M ESQUIU  "
706;2;"PEHUAJO                       "
708;3;"SAN FERNANDO                  "
711;3;"SAN ISIDRO                    "
712;5;"MERCEDES                      "
717;21;"MALABRIGO                     "
719;2;"BRIO PARQUE BARON             "
721;21;"MARGARITA                     "
722;5;"MONTE CASEROS                 "
724;17;"ROSARIO DE LA FRONTERA        "
726;21;"MARIA SUSANA                  "
727;21;"MARIA TERESA                  "
731;24;"MONTEROS                      "
732;2;"BRIO PARQUE PERO              "
732;22;"LA BANDA                      "
734;4;"CHAZON                        "
735;17;"SALTA                         "
736;2;"PARQUE SAN MARTIN             "
738;2;"BRIO PASCO                    "
739;3;"SANTA MARIA                   "
739;8;"MARIA GRANDE                  "
741;3;"SANTA ROSA (VALLE VIEJO)      "
742;3;"SANTO DOMINGO                 "
742;19;"NUEVA GALIA                   "
742;21;"MONTES DE OCA                 "
747;6;"SAN LUIS                      "
748;5;"OMBU SAN MIGUEL               "
749;4;"CIENAGA DEL CORO              "
750;4;"CINTRA                        "
750;17;"SAN CARLOS                    "
753;4;"CNEL. BAIGORRIA               "
754;2;"BRIO PUENTE ROCA              "
754;4;"CNEL. MOLDES                  "
755;4;"CNEL OLMEDO                   "
758;4;"COLONIA ALMADA                "
758;8;"NOGOYA                        "
763;8;"NOGOYA                        "
769;8;"ORO VERDE                     "
773;2;"BRIO SAN CRISTOBAL            "
774;21;"PAVON                         "
775;4;"COLONIA CAROYA                "
777;17;"SAN LORENZO                   "
780;2;"EZEIZA                        "
781;2;"BRIO SAN IGNACIO LOYOLA       "
781;21;"PEREZ                         "
783;8;"PARANA                        "
784;3;"VALLE VIEJO                   "
785;21;"PI헨RO                        "
786;2;"BRIO SAN JORGE (SAN FERNANDO) "
790;2;"MORON                         "
790;5;"PASO DE LA PATRIA             "
791;3;"VILLA DOLORES                 "
792;5;"PASO DE LOS LIBRES            "
793;3;"VILLA PARQUE CHACABUCO        "
793;17;"TARTAGAL                      "
797;2;"BRIO SAN JUAN (MAR DEL PLATA) "
801;21;"PUERTO GRAL SAN MARTIN        "
803;8;"PBLO NUEVO GUALEGUAYCHU       "
806;21;"SAN LORENZO                   "
809;21;"PUEBLO ESTHER                 "
810;2;"BRIO SAN ROQUE (BERAZATEGUI)  "
820;2;"MONTE GRANDE                  "
821;8;"DIAMANTE                      "
821;21;"RAFAELA                       "
829;8;"PRTO VIEJO PARANA             "
829;17;"LAS LAJITAS                   "
829;21;"RINCON DEL PINTADO            "
832;4;"COLONIA MARINA                "
832;8;"PRESIDENTE AVELLANEDA         "
833;8;"PTO VIEJO C DEL URUGUAY       "
833;21;"RECONQUISTA                   "
834;21;"RECREO                        "
838;21;"RICARDONE                     "
844;21;"ROLDAN                        "
846;21;"ROSARIO                       "
848;21;"RUFINO                        "
849;4;"COLONIA SAN BARTOLOME         "
850;2;"BRIO TRONCOS DEL TALAR        "
851;21;"SA PEREYRA                    "
852;21;"SAGUIER                       "
855;21;"SALTO GRANDE                  "
858;4;"CANALS                        "
861;21;"SAN CARLOS CENTRO             "
862;8;"PUIGGARI                      "
864;19;"LUJAN                         "
864;21;"SAN CRISTOBAL                 "
869;17;"TARTAGAL                      "
874;21;"SAN GREGORIO                  "
880;21;"SAN JERONIMO NORTE            "
881;21;"SAN JERONIMO SUD              "
883;21;"SAN JORGE                     "
884;11;"GENERAL ACHA                  "
885;11;"GRAL. PICO                    "
885;19;"VILLA MERCEDES                "
885;21;"SAN JOSE DE LA ESQUINA        "
886;4;"CONCEPCION                    "
886;11;"GENERAL SAN MARTIN            "
886;19;"MERLO                         "
886;21;"SAN JOSE DEL RINCON           "
888;11;"INT. ALVEAR                   "
888;21;"SAN JUSTO                     "
889;21;"SAN LORENZO                   "
893;4;"CORDOBA                       "
893;5;"SALADAS                       "
894;2;"BURZACO                       "
894;4;"CORIMAYO                      "
894;11;"SANTA ROSA                    "
896;4;"CORRAL DE BUSTOS              "
897;21;"SAN PEDRO                     "
900;2;"CA헤DA SECA                   "
900;19;"NASCHEL                       "
901;2;"CA헷ELAS                      "
903;17;"VAQUEROS                      "
903;22;"LAPRIDA                       "
904;2;"CABILDO                       "
904;21;"SAN VICENTE                   "
905;3;"CHA헤RCITO                    "
906;2;"CACHARI                       "
906;4;"CORRALITO                     "
906;21;"SANCTI SPIRITU                "
910;21;"SANTA CLARA DE BUENA VISTA    "
911;4;"COSQUIN                       "
911;8;"URDINARRAIN                   "
912;8;"SAN BENITO                    "
913;21;"SANTA FE                      "
914;2;"ENSENADA                      "
915;2;"CAMBACERES                    "
915;3;"SAN JOSE                      "
915;5;"SAN BORJITA                   "
915;21;"SANTA ISABEL                  "
916;2;"CAMET                         "
919;2;"CAMINERA LUJAN                "
920;4;"CRUZ DEL EJE                  "
920;17;"VILLA SAN LORENZO             "
921;21;"SANTA ROSA DE CALCHINES       "
922;3;"LAS PAMPITAS                  "
922;5;"SAN COSME                     "
923;8;"SAN JOSE                      "
924;2;"CAMPANA                       "
924;8;"SAN JOSE DE FELICIANO         "
926;21;"SANTO TOME                    "
930;21;"SAUCE VIEJO                   "
931;2;"CAMPO DEL NORTE AMERICANO     "
932;22;"LAS HERMANAS                  "
932;24;"SAN MIGUEL DE TUCUMAN         "
933;21;"SERODINO                      "
934;4;"CUESTA BLANCA                 "
934;17;"YACONES                       "
936;21;"SOLDINI                       "
936;24;"SAN PABLO                     "
937;8;"SAN SALVADOR                  "
940;4;"DEAN FUNES                    "
941;4;"DEL CAMPILLO                  "
941;21;"SUNCHALES                     "
946;4;"DEVOTO                        "
951;21;"TIMBUES JOSE MARIA            "
953;8;"SANTA MARTA GUALEGUAY         "
954;4;"EL DIQUECITO                  "
954;21;"TORTUGAS                      "
955;21;"TOSTADO                       "
961;18;"COLONIA YORNER                "
964;13;"MESETA COLORADA               "
965;21;"VENADO TUERTO                 "
965;22;"LAVALLE (GUASAYAN)            "
966;21;"VERA                          "
967;17;"SAN LUIS                      "
968;4;"DUMESNIL                      "
969;8;"SEGUI                         "
972;21;"VILA                          "
974;21;"VILLA AMELIA                  "
977;2;"CANNING                       "
978;21;"VILLA CA헤S                   "
979;8;"TABLADA OESTE CONCORDIA       "
980;21;"VILLA CONSTITUCION            "
982;2;"CANTERAS DE GREGORINI         "
984;21;"VILLA ELOISA                  "
985;2;"CAPITAN SARMIENTO             "
986;19;"POTRERO DE LOS FUNES          "
987;2;"CAPILLA DEL SE헲R             "
988;21;"VILLA GOBERNADOR GALVEZ       "
989;2;"CAPILLA DEL SE헲R             "
991;2;"CARAPACHAY                    "
994;2;"CARHUE                        "
994;4;"EL BOSQUE                     "
995;21;"VILLA MINETTI                 "
996;2;"CARILO                        "
997;2;"CARLOS BEGUERIE               "
998;2;"CARLOS CASARES                "
998;8;"UBAJAY                        "
999;2;"CARLOS KEEN                   "
999;8;"URDINARRAIN                   "
1000;24;"TAFI VIEJO                    "
1001;2;"CARLOS M. NAON                "
1003;2;"CARLOS SPEGAZZINI             "
1004;21;"VILLA TRINIDAD                "
1005;2;"CARLOS TEJEDOR                "
1006;2;"CARMEN DE ARECO               "
1006;8;"VICTORIA                      "
1007;2;"CARMEN DE PATAGONES           "
1010;2;"CASBAS                        "
1012;2;"CASEROS                       "
1014;2;"CASTELAR                      "
1014;8;"VILLA ELISA                   "
1015;2;"CASTELLI                      "
1015;5;"SANTA ANA                     "
1016;2;"CASTILLA                      "
1018;2;"CDAD DEL GRAL SAN MARTIN      "
1018;21;"ZAVALLA                       "
1022;2;"CENTRO AGRICOLA EL PATO       "
1022;8;"VILLA PARANACITO              "
1026;8;"VILLA SAN JOSE                "
1031;2;"CHACABUCO                     "
1034;8;"VILLA ZORRAQUIN               "
1034;24;"TUCUMAN                       "
1036;2;"BARRIO CHAPADMALAL            "
1036;8;"VILLAGUAY                     "
1037;2;"CHAPALEOFU                    "
1039;19;"RINCON DEL ESTE               "
1040;2;"CHASCOMUS                     "
1045;2;"CHIVILCOY                     "
1049;2;"CITY BELL                     "
1050;2;"CIUDAD EVITA                  "
1051;2;"EL PALOMAR                    "
1052;2;"CIUDADELA                     "
1053;2;"CLARAZ                        "
1056;8;"VICTORIA                      "
1057;2;"CLAYPOLE                      "
1058;2;"COMODORO PY                   "
1060;2;"CMDTE. NICANOR OTAMENDI       "
1061;2;"QUILMES OESTE                 "
1063;5;"SANTO TOME                    "
1064;2;"BERNAL OESTE                  "
1070;24;"VILLA MARIANO MORENO          "
1073;8;"PASAJE TALAVERA               "
1074;2;"CNEL. BRANDSEN                "
1075;2;"CNEL. CHARLONE                "
1075;8;"COLONIA EL POTRERO            "
1076;2;"CNEL. DORREGO                 "
1076;5;"SOLEDAD (DEPTO DE GOYA)       "
1078;2;"CNEL. FRANCISCO LYNCH         "
1080;24;"VILLA QUINTEROS               "
1081;21;"ESTACION VILLA CONSTITUCION   "
1083;21;"PUEBLO NUEVO                  "
1084;21;"ARROYO LEYES                  "
1085;2;"CNEL. PRINGLES                "
1085;8;"EL POTRERO                    "
1087;24;"VILLA ZENON SANTILLAN         "
1088;2;"CNEL. SUAREZ                  "
1089;2;"CNEL. VIDAL                   "
1104;24;"YERBA BUENA                   "
1107;2;"JUAN COUSTE                   "
1109;2;"COL LA CAPILLA                "
1109;19;"SAN LUIS                      "
1117;8;"AVENIDA EJERCITO PARANA       "
1121;24;"VILLA TRANCAS                 "
1124;8;"LIBERTADOR SAN MARTIN         "
1126;24;"SAN BERNARDO B                "
1132;4;"LA CUMBRE                     "
1165;2;"COLONIA SERE                  "
1165;19;"SANTA ROSA DE CONLARA         "
1167;24;"ABRA DEL TAFI                 "
1173;8;"KILMETRO 165                  "
1174;2;"COLON                         "
1177;4;"EMBALSE                       "
1178;19;"SANTO DOMINGO (SAN LUIS-CAPITA"
1179;21;"GOBERNADOR CRESPO             "
1181;21;"ROSARIO                       "
1184;2;"CORTINES                      "
1185;2;"COSTA AZUL                    "
1192;2;"CRUCESITA                     "
1192;5;"ITUZAINGO                     "
1193;5;"GDOR ING VALENTIN VIRASO      "
1194;2;"CSTA DE VILLA DOMINICO        "
1196;2;"RANCHOS                       "
1198;2;"CUARTEL V                     "
1200;8;"SUBCENTRAL SANTA MARIA        "
1205;24;"SAN MIGUEL                    "
1207;13;"M ESCUDERO                    "
1213;2;"DAIREAUX                      "
1214;5;"SAN ROQUE                     "
1219;19;"UNION                         "
1222;2;"DEL VISO                      "
1222;4;"ETRURIA                       "
1223;2;"DELA GARMA                    "
1226;4;"RIO TERCERO                   "
1226;8;"COLONIA LOS SAUCES            "
1227;8;"KILOMETRO 32                  "
1229;4;"FERREYRA                      "
1230;4;"PASCO                         "
1236;2;"DOCK SUD                      "
1237;2;"DOLORES                       "
1237;19;"VILLA LARCA                   "
1239;2;"DON BOSCO                     "
1239;19;"VILLA MERCEDES                "
1241;2;"DON TORCUATO                  "
1241;3;"RECREO                        "
1242;4;"GRAL. BALDISSERA              "
1243;4;"GRAL. CABRERA                 "
1244;3;"SAN FDO DEL VALLE DE CATAMARCA"
1244;4;"GRAL. DEHEZA                  "
1245;2;"DOYLE                         "
1247;2;"VICTORIA                      "
1247;4;"GRAL. LAVALLE                 "
1248;2;"DR ALEJANDRO KORN             "
1249;4;"GRAL. PAZ                     "
1251;4;"GRAL. ROCA                    "
1259;2;"DUGGAN                        "
1259;19;"JUANA KOSLAY                  "
1271;5;"PALMAR                        "
1272;2;"EL BOQUERON                   "
1274;4;"HERNANDO                      "
1277;19;"SANTO DOMINGO                 "
1278;4;"HOLMBERG                      "
1287;4;"HUERTA GRANDE                 "
1287;19;"EL VOLCAN                     "
1289;4;"HUINCA RENANCO                "
1297;8;"COLONIA ELISA                 "
1299;8;"ESTACION URUGUAY              "
1302;2;"EL JAGUEL                     "
1312;4;"JAMES CRAIK                   "
1316;4;"JESUS MARIA                   "
1317;2;"EL PALOMAR                    "
1318;4;"JOVITA                        "
1321;4;"JUAREZ CELMAN                 "
1324;4;"JUSTINIANO POSSE              "
1338;2;"SALTO                         "
1342;2;"EL ROCIO                      "
1351;2;"EL TALAR                      "
1358;2;"EL TRIUNFO                    "
1358;22;"QUIMILI                       "
1372;2;"EMILIO V. BUNGE               "
1375;2;"EMPALME                       "
1376;2;"EMPALME LOBOS                 "
1380;2;"EMPALME SAN VICENTE           "
1386;17;"EL TALAR                      "
1387;2;"ENSENADA                      "
1391;13;"AGUA DE LA MULA               "
1401;4;"LA CALERA                     "
1402;2;"ESCOBAR                       "
1408;2;"ESPORA                        "
1409;4;"LA CARLOTA                    "
1410;4;"LA CAROLINA                   "
1414;4;"LA CESIRA                     "
1418;2;"LINCOLN                       "
1423;5;"AGUAY                         "
1426;4;"ARROYITO                      "
1435;2;"ESTEBAN ECHEVERRIA            "
1436;4;"LA CUMBRE                     "
1438;4;"LA CUMBRECITA                 "
1438;5;"SOLEDAD                       "
1443;2;"EXALTACION DE LA CRUZ         "
1444;2;"EZEIZA                        "
1445;2;"EZPELETA ESTE                 "
1453;4;"LA FALDA                      "
1454;2;"FATIMA ESTACION EMPALME       "
1455;5;"RIACHUELO                     "
1456;2;"FAUZON                        "
1457;2;"FELIPE SOLA                   "
1460;2;"FIORITO                       "
1462;2;"FLORENCIO VARELA              "
1463;2;"FLORIDA                       "
1466;4;"LA GRANJA                     "
1472;2;"FORTIN OLAVARRIA              "
1475;17;"CERRILLOS                     "
1476;4;"ALTA GRACIA                   "
1477;17;"CORONEL MOLLINEDO             "
1478;2;"FRANCISCO ALVAREZ             "
1480;2;"FRANCISCO CASAL               "
1480;17;"GENERAL GUEMES                "
1482;5;"COLONIA TATACUA               "
1483;2;"FRANCISCO MADERO              "
1486;2;"FRANKLIN                      "
1486;17;"PICHANAL                      "
1490;17;"SAN RAMON DE LA NUEVA ORAN    "
1493;2;"FUNKE APDRO FCGB              "
1501;2;"GARDEY                        "
1502;2;"GARIN                         "
1506;2;"GERENTE CILLEY                "
1507;2;"GERLI AVELLANEDA              "
1508;2;"GERLI                         "
1509;2;"GERMANIA                      "
1510;4;"LA PARA                       "
1513;2;"GLEW                          "
1516;4;"LA PERLA                      "
1523;4;"LA PLAYOSA                    "
1525;4;"LA POBLACION                  "
1531;2;"ADOLFO GONZALES CHAVES        "
1532;2;"GONZALEZ CATAN                "
1533;2;"GONZALEZ MORENO               "
1542;5;"ALAMO                         "
1545;2;"GRAL. ALVARADO                "
1546;2;"GRAL. ALVEAR                  "
1547;2;"GRAL. ARENALES                "
1547;4;"LA REDENCION                  "
1548;2;"GRAL BELGRANO                 "
1552;2;"GRAL. GUIDO                   "
1554;2;"GRAL. LAMADRID                "
1555;2;"GRAL. LAS HERAS               "
1557;2;"GRAL. MADARIAGA               "
1560;2;"GRAL. PACHECO                 "
1562;2;"GRAL. PINTO                   "
1563;2;"GRAL. PIRAN                   "
1564;2;"GRAL. RODRIGUEZ               "
1568;4;"RIO PRIMERO                   "
1569;2;"GRAL. VILLEGAS                "
1570;2;"GRAND BOURG                   "
1572;2;"GREGORIO DE LAFERRERE         "
1572;5;"LA CRUZ                       "
1582;2;"GUERNICA                      "
1586;2;"GUILLERMO E HUDSON            "
1588;2;"GUTIERREZ                     "
1590;2;"HAEDO                         "
1590;22;"SANTA CATALINA (BANDERA-BELGRA"
1594;4;"LABORDE                       "
1595;4;"LABOULAYE                     "
1598;13;"CARRODILLA LA PUNTILLA        "
1599;13;"GENERAL ALVEAR                "
1602;4;"LAGUNA LARGA                  "
1602;13;"LIBERTADOR GRAL SAN MARTIN    "
1607;4;"PILAR                         "
1618;2;"HENDERSON                     "
1624;2;"HINOJO                        "
1629;2;"HORNOS DEL SERRANO            "
1632;22;"SANTIAGO DEL ESTERO           "
1636;2;"HUETEL                        "
1638;2;"HURLINGHAM                    "
1643;2;"INDACOCHEA                    "
1647;2;"INGENIERO BALBIN              "
1649;2;"ING. BUDGE                    "
1650;2;"ING. ALLAN                    "
1651;2;"ING. MASCHWITZ                "
1652;2;"ING. MONETA                   "
1653;2;"ING. PABLO NOGUES             "
1654;4;"LAS DELICIAS                  "
1657;2;"ING. THOMPSON                 "
1659;2;"ING. WHITE                    "
1661;2;"INOCENCIO SOSA                "
1661;19;"SAN LUIS                      "
1662;19;"SAN MARTIN                    "
1665;19;"TRAPICHE                      "
1667;4;"LAS HIGUERAS                  "
1669;2;"ISIDRO CASANOVA               "
1673;2;"ISLA MARTIN GARCIA            "
1682;2;"ITUZAINGO                     "
1683;5;"BERON DE ASTRADA              "
1684;2;"J INGENIEROS (3 DE FEBRERO)   "
1684;4;"SARMIENTO                     "
1686;2;"JAUREGUI JOSE MARIA           "
1687;2;"JEPPENER                      "
1687;5;"CURUZU CUATIA                 "
1687;22;"SUMAMPA                       "
1688;2;"JOAQUIN GORINA                "
1693;2;"JOSE C PAZ                    "
1696;2;"JOSE LEON SUAREZ              "
1696;5;"MBURUCUYA                     "
1697;4;"LAS PALMAS                    "
1698;2;"VILLA BOSCH                   "
1698;5;"PASO DE LOS LIBRES            "
1700;2;"JOSE MARMOL                   "
1707;5;"SANTA LUCIA                   "
1708;2;"JUAN B DE LA SALLE            "
1710;4;"LAS PE헤S NORTE               "
1713;4;"LAS PERDICES                  "
1718;2;"JOSE MARIA GUTIERREZ          "
1719;2;"JUAN N FERNANDEZ              "
1723;2;"JUAN VUCETICH APDRO FCGU      "
1723;4;"VILLA MARIA                   "
1724;2;"JUANCHO                       "
1725;2;"BENITO JUAREZ                 "
1727;2;"JUNIN                         "
1728;2;"CIUDAD EVITA                  "
1742;22;"TERMAS DE RIO HONDO           "
1744;4;"LAS VARILLAS                  "
1746;2;"KM 30                         "
1754;4;"LEONES                        "
1755;2;"GRAND BOURG                   "
1761;2;"KM 40 (FLORENCIO VARELA)      "
1768;2;"MARCOS PAZ                    "
1777;4;"LOS BOULEVARES                "
1788;2;"POBLET                        "
1791;2;"KM 88 (CAMPANA)               "
1800;2;"LA ADELA                      "
1802;4;"LOS COCOS                     "
1806;4;"LOS CONDORES                  "
1824;2;"LA BOLSA                      "
1827;2;"LA CA헤DA                     "
1832;4;"LOS MOLLES                    "
1840;4;"LOS PARAISOS                  "
1854;2;"LA CUMBRE APDRO FCGB          "
1860;2;"LA DULCE                      "
1861;4;"LOS REARTES                   "
1862;2;"LA EMILIA                     "
1868;2;"SIERRAS BAYAS                 "
1877;2;"LA FRATERNIDAD                "
1879;2;"LA GAVIOTA                    "
1887;22;"ZANJON                        "
1891;4;"LUQUE                         "
1899;22;"VILLA OJO DE AGUA             "
1901;4;"MALAGUE헲                     "
1903;2;"LA LOMA (PDO LA PLATA)        "
1905;2;"LA LONJA                      "
1905;4;"MALVINAS ARGENTINAS           "
1906;2;"LA LUCIA                      "
1907;2;"LA LUCILA                     "
1908;2;"LA LUCILA DEL MAR             "
1909;2;"LA LUISA                      "
1910;4;"MANFREDI                      "
1913;4;"MARCOS JUAREZ                 "
1920;4;"MATORRALES                    "
1921;4;"MATTALDI                      "
1929;4;"MELO                          "
1930;4;"MENDIOLAZA                    "
1938;4;"MINA CLAVERO                  "
1944;2;"LA PAMPA                      "
1950;2;"LA PEREGRINA                  "
1951;2;"LA PERLA                      "
1954;4;"MONTE BUEY                    "
1955;2;"LA PLATA                      "
1956;2;"LA PLAYA                      "
1956;4;"MONTE CRISTO                  "
1967;4;"MONTE MAIZ                    "
1968;4;"MONTE RALO                    "
1972;4;"MORTEROS                      "
1975;2;"ROQUE PEREZ                   "
1976;2;"LA REFORMA CHASCOMUS          "
1976;22;"NUEVA ESPERANZA               "
1978;2;"LA REJA                       "
1986;2;"LA SALADA                     "
1988;2;"SUIPACHA                      "
1991;4;"NONO                          "
2002;4;"OLIVA                         "
2006;4;"ONCATIVO                      "
2010;4;"ORDO헨Z                       "
2018;2;"LABARDEN                      "
2026;4;"PAMPAYASTA NORTE              "
2029;4;"PARQUE LICEO                  "
2031;2;"GUAMINI                       "
2036;2;"LAGUNA REDONDA                "
2039;2;"LANUS                         "
2041;2;"LAPRIDA                       "
2055;2;"LAS COLONIAS                  "
2059;2;"LAS FLORES                    "
2062;2;"LAS HERAS                     "
2066;2;"LAS LOMAS                     "
2066;4;"PIEDRA PINTADA                "
2067;2;"LAS MALVINAS                  "
2076;4;"PILAR                         "
2079;22;"SAN CARLOS                    "
2080;4;"PIQUILLIN                     "
2081;2;"PIPINAS                       "
2089;2;"LAS TONINAS                   "
2094;24;"YERBA BUENA                   "
2105;2;"LIBERTAD                      "
2109;2;"LIMA                          "
2111;2;"LINCOLN                       "
2113;2;"LLAVALLOL                     "
2114;2;"LOBERIA                       "
2115;2;"LOBOS                         "
2116;4;"POZO DEL MOLLE                "
2120;2;"LOMA NEGRA                    "
2123;2;"LOMA VERDE                    "
2128;4;"PROVIDENCIA                   "
2129;2;"LOMAS DE ZAMORA               "
2130;2;"LOMAS DEL MIRADOR             "
2131;2;"LONGCHAMPS                    "
2134;2;"LOPEZ CAMELO                  "
2138;4;"PUEBLO ITALIANO               "
2144;4;"PUENTE NEGRO                  "
2146;2;"LOS CARDALES                  "
2150;22;"MONTE QUEMADO                 "
2156;2;"LOS HORNOS                    "
2160;2;"LOS LAURELES EST FCGB         "
2161;2;"LOS MANZANOS                  "
2171;2;"LOS POLVORINES                "
2175;2;"LOS TOLDOS                    "
2182;2;"LUIS GUILLON                  "
2183;2;"LUJAN                         "
2189;2;"MAGDALENA                     "
2189;4;"QUISCASACATE                  "
2190;4;"QUISQUIZACATE APDRO FCGB      "
2191;2;"MAIPU                         "
2197;2;"MANUEL ALBERTI                "
2198;2;"MANUEL B GONNET               "
2199;22;"ARBOL SOLO                    "
2200;4;"RANQUELES                     "
2201;2;"MANUEL OCAMPO                 "
2202;2;"MANZANARES                    "
2207;2;"MAR AZUL                      "
2208;2;"MAR CHIQUITA                  "
2209;2;"MAR DE AJO                    "
2209;4;"RINCON BONITO                 "
2210;2;"MAR DE OSTENDE                "
2211;2;"MAR DEL PLATA                 "
2212;2;"MAR DEL SUD                   "
2213;2;"MAR DEL TUYU                  "
2213;4;"RIO CEBALLOS                  "
2215;2;"MARCOS PAZ                    "
2217;2;"MARIA IGNACIA                 "
2217;4;"RIO CUARTO                    "
2220;2;"MARIANO ACOSTA                "
2222;2;"MARIANO H ALFONZO             "
2223;2;"HAEDO                         "
2227;2;"MARTIN CORONADO               "
2228;2;"TRENQUE LAUQUEN               "
2230;2;"MARTINEZ                      "
2231;2;"MARTINEZ DE HOZ               "
2235;2;"MATHEU                        "
2235;4;"RIO PRIMERO                   "
2238;2;"MAXIMO PAZ                    "
2240;2;"MAYOR BURATOVICH              "
2240;4;"RIO SEGUNDO                   "
2241;4;"RIO TERCERO                   "
2242;2;"MAZA                          "
2244;4;"RIVERA INDARTE                "
2245;2;"MECHITA                       "
2246;2;"MECHONGUE                     "
2254;2;"MERCADO CENTRAL               "
2255;2;"MERCEDES                      "
2258;2;"MERLO                         "
2264;2;"MIRAMAR                       "
2266;4;"SALDAN                        "
2268;2;"MINISTRO RIVADAVIA            "
2269;4;"SALSIPUEDES                   "
2272;4;"SAMPACHO                      "
2276;4;"SAN ANTONIO DE ARREDONDO      "
2277;2;"SAN MIGUEL DEL MONTE          "
2277;4;"SAN ANTONIO DE LITIN          "
2278;2;"MONTE CHINGOLO                "
2281;2;"MONTE GRANDE                  "
2282;2;"MONTE HERMOSO                 "
2285;4;"SAN BASILIO                   "
2287;2;"MOORES                        "
2289;2;"MORENO                        "
2290;2;"MORON                         "
2293;2;"MQSTA FRANCISCO SAVIO         "
2294;2;"MU헬Z                         "
2295;2;"MU헲Z                         "
2297;4;"SAN FRANCISCO                 "
2298;2;"MUNRO                         "
2298;4;"SAN FRANCISCO DEL CHA헤R      "
2301;2;"NAPALEOFU                     "
2301;4;"SAN IGNACIO                   "
2304;2;"NAVARRO                       "
2305;2;"NECOCHEA                      "
2308;2;"NICANOR OLIVERA               "
2312;2;"NORBERTO DE LA RIESTRA        "
2318;4;"NOETINGER                     "
2319;2;"NUEVO PRTO TIGRE              "
2323;2;"OLAVARRIA                     "
2326;2;"OLIVERA                       "
2327;2;"OLIVOS                        "
2327;4;"SAN MARCOS SIERRA             "
2328;2;"OMBU                          "
2328;4;"SAN MARCOS SUR                "
2330;2;"OPEN DOOR                     "
2337;2;"OSTENDE                       "
2338;2;"OTAMENDI                      "
2341;2;"PABLO PODESTA                 "
2345;4;"SAN PEDRO NORTE               "
2353;2;"PARADA LOS ROBLES             "
2356;2;"PARAJE EL PELIGROSO           "
2362;4;"SAN VICENTE BELL VILLE        "
2364;4;"SAN VICENTE SAN ALBERTO       "
2368;2;"PARQUE LELOIR                 "
2372;2;"PARQUE SAN MARTIN             "
2381;2;"PASO DEL REY                  "
2388;4;"SANTA MARIA DE PUNILLA        "
2401;4;"SANTA ROSA DE CALAMUCHITA     "
2402;4;"SANTA ROSA DE RIO PRIMERO     "
2403;2;"PEHUAJO                       "
2407;2;"PELLEGRINI                    "
2410;2;"PEREYRA (HURLINGHAM-3 DE FEBRE"
2410;4;"SANTIAGO TEMPLE               "
2411;2;"PEREZ MILLAN                  "
2412;2;"PERGAMINO                     "
2414;24;"LAMADRID                      "
2415;2;"PI헨RO (EST FCGU)             "
2416;2;"PI헨YRO (PDO AVELLANEDA)      "
2417;2;"PI헨YRO                       "
2418;24;"MONTEROS                      "
2420;24;"SAN MIGUEL DE TUCUMAN         "
2421;2;"PIEDRITAS                     "
2424;2;"PIGUE                         "
2425;2;"PILA                          "
2426;2;"PILAR                         "
2427;4;"SERRANO                       "
2428;2;"PINAMAR                       "
2432;2;"PIROVANO                      "
2436;2;"PLATANOS                      "
2437;2;"PLAYA CHAPADMALAL             "
2448;2;"PONTEVEDRA                    "
2456;2;"PUERTO BELGRANO               "
2460;2;"PRTO NECOCHEA                 "
2467;2;"PTE DERQUI                    "
2468;4;"TANTI                         "
2472;2;"PUEBLO MARTINEZ DE HOZ        "
2479;22;"EL PARAISO                    "
2486;4;"TIO PUJIO                     "
2489;2;"PUNTA ALTA                    "
2489;4;"TOLEDO                        "
2491;2;"PUNTA INDIO                   "
2492;2;"PUNTA LARA                    "
2498;2;"QUEQUEN                       "
2502;2;"QUILMES                       "
2502;4;"TRANSITO                      "
2503;2;"QUILMES OESTE                 "
2510;2;"R 2 KM 32 AL 36 9             "
2517;4;"UNQUILLO                      "
2522;4;"VILLA NUEVA                   "
2523;4;"VILLA RUMIPAL                 "
2525;4;"VACAS BLANCAS                 "
2527;4;"VALLE DEL SOL                 "
2529;4;"VALLE HERMOSO                 "
2530;4;"VALLE VERDE                   "
2533;2;"RAFAEL CALZADA                "
2534;2;"RAFAEL CASTILLO               "
2534;4;"VICU헤 MACKENNA               "
2536;2;"RAMALLO                       "
2538;4;"VILLA ALLENDE                 "
2540;2;"RAMOS MEJIA                   "
2542;4;"VILLA ANIZACATE               "
2543;2;"RANCHOS                       "
2543;4;"VILLA ASCASUBI                "
2544;2;"RANELAGH                      "
2545;2;"RAUCH                         "
2545;4;"VILLA BELGRANO                "
2548;2;"RINCON DE BAUDRIX             "
2548;4;"VILLA CAEIRO                  "
2549;4;"VILLA CALAMUCHITA             "
2551;4;"VILLA CARLOS PAZ              "
2553;4;"VILLA CERRO AZUL              "
2555;4;"VILLA CIUDAD DE AMERICA       "
2557;2;"REMEDIOS DE ESCALADA          "
2564;2;"RINCON DEL CAZADOR            "
2564;4;"VILLA DE LAS ROSAS            "
2565;4;"VILLA DE SOTO                 "
2566;4;"VILLA DEL DIQUE               "
2568;4;"VILLA DEL ROSARIO             "
2571;4;"TRANSITO                      "
2573;4;"VILLA DOLORES                 "
2576;4;"VILLA EL DESCANSO             "
2582;2;"RIVADAVIA (EST.AMERICA)       "
2583;4;"VILLA GIARDINO                "
2585;4;"VILLA GENERAL BELGRANO        "
2588;2;"ROBERTS                       "
2588;4;"VILLA HUIDOBRO                "
2590;2;"ROJAS                         "
2590;4;"VILLA LA BOLSA                "
2593;4;"LA SERRANITA                  "
2595;2;"ROQUE PEREZ                   "
2600;2;"SAAVEDRA                      "
2601;2;"VILLA SAENZ PE헤              "
2602;4;"VILLA MARIA                   "
2605;2;"SALADILLO                     "
2606;2;"SALADILLO NORTE               "
2608;4;"VILLA NUEVA                   "
2609;4;"VILLA POSSE                   "
2612;2;"SALLIQUELO                    "
2613;2;"SALTO                         "
2614;4;"VILLA RIO YCHO CRUZ           "
2616;4;"VILLA RUMIPAL                 "
2619;2;"SAN ANDRES                    "
2620;2;"SAN ANDRES DE GILES           "
2622;2;"SAN ANTONIO DE ARECO          "
2623;2;"SAN ANTONIO DE PADUA          "
2624;4;"VILLA SANTA ROSA              "
2625;2;"SAN ANTONIO (PDO PILA)        "
2626;4;"VILLA SARMIENTO               "
2627;2;"SAN BERNARDO (PDO DE LA COSTA)"
2631;2;"SAN CAYETANO                  "
2632;2;"SAN CLEMENTE DEL TUYU         "
2633;4;"VILLA VALERIA                 "
2636;4;"VILLA WARCALDE                "
2644;2;"SAN FERNANDO                  "
2646;2;"SAN FRANCISCO SOLANO          "
2650;2;"SAN ISIDRO                    "
2651;2;"MERCEDES                      "
2652;2;"SAN JACINTO (PDO OLAVARRIA)   "
2653;2;"SAN JORGE                     "
2655;4;"2DA USINA                     "
2657;4;"BRIO ZUMARAN                  "
2658;4;"BRIO VELEZ SARSFIELD          "
2660;4;"BRIO SAN ROQUE                "
2661;4;"EL REFUGIO                    "
2662;4;"BRIO LOMAS DE SUQUIA          "
2663;2;"SANTA LUISA                   "
2665;2;"9 DE JULIO                    "
2667;2;"SAN JUSTO                     "
2667;4;"VILLA SANTA CRUZ DEL LAGO     "
2669;2;"SAN MANUEL                    "
2669;4;"SAN JOSE DE LA DORMIDA        "
2670;2;"SAN MARTIN                    "
2670;4;"VILLA DE MARIA                "
2671;4;"MAYU SUMAJ                    "
2673;4;"LOS HORNILLOS                 "
2674;2;"SAN MIGUEL                    "
2677;2;"SAN NICOLAS DE LOS ARROYOS    "
2680;2;"SAN PEDRO                     "
2687;4;"BARRIO BELGRANO               "
2691;2;"SAN VICENTE                   "
2698;4;"SAN CARLOS                    "
2701;2;"SANTA CLARA DEL MAR           "
2705;2;"SANTA ELENA (PDO DE LUJAN)    "
2707;2;"SANTA ELEODORA                "
2712;2;"SANTA ISABEL (BOLIVAR-GRAL ALV"
2715;2;"SANTA LUCIA                   "
2720;2;"SANTA REGINA                  "
2723;2;"SANTA ROSA                    "
2726;4;"LA PAZ                        "
2727;2;"SANTA TERESITA                "
2734;2;"SANTOS LUGARES                "
2735;2;"SANTOS TESEI                  "
2737;2;"SARANDI                       "
2751;2;"SIERRA DE LA VENTANA          "
2752;2;"SIERRA DE LOS PADRES          "
2753;2;"SIERRAS BAYAS                 "
2757;2;"DON TORCUATO                  "
2758;4;"SAN RAFAEL                    "
2766;2;"SUIPACHA                      "
2768;2;"TABLADA                       "
2768;4;"VILLA PARQUE SIQUIMAN         "
2773;2;"TANDIL                        "
2774;2;"TAPALQUE                      "
2775;2;"TAPIALES                      "
2776;2;"TATAY                         "
2779;2;"TEMPERLEY                     "
2780;2;"TESEI                         "
2782;2;"TIGRE                         "
2786;2;"TOLOSA                        "
2790;4;"PUNILLA                       "
2791;2;"TORNQUIST                     "
2793;2;"TORRES                        "
2794;2;"TORTUGUITAS                   "
2795;2;"TRENQUE LAUQUEN               "
2796;2;"TRES ALGARROBOS               "
2797;2;"TRES ARROYOS                  "
2805;2;"TRISTAN SUAREZ                "
2809;2;"TRUJUI                        "
2814;2;"TURDERA                       "
2816;2;"UDAQUIOLA                     "
2818;2;"LA UNION                      "
2819;2;"UNION TRANVIARIOS             "
2823;2;"URQUIZA                       "
2828;2;"V DEL CARMEN SAN FERNANDO     "
2836;4;"SAN PABLO                     "
2840;2;"VALENTIN ALSINA               "
2843;2;"VALERIA DEL MAR               "
2848;2;"VEDIA                         "
2849;2;"VELA                          "
2849;4;"LAS DELICIAS                  "
2853;2;"VERONICA                      "
2856;2;"VICENTE CASARES               "
2857;2;"VICENTE LOPEZ                 "
2859;2;"VICTORIA                      "
2863;2;"VILLA ADELINA                 "
2867;2;"VILLA ALBERTINA               "
2872;2;"VILLA ARGENTINA (QUILMES)     "
2876;2;"VILLA BALLESTER               "
2880;2;"VILLA BELGRANO (JUNIN)        "
2884;2;"VILLA BILLINGHURST            "
2885;2;"VILLA BONICH                  "
2886;2;"VILLA BOSCH                   "
2902;2;"VILLA CELINA                  "
2904;4;"TOTORAL                       "
2907;2;"VILLA CONCEPCION              "
2912;2;"VILLA DE MAYO                 "
2920;2;"VILLA DIAMANTE                "
2922;2;"VILLA DIAZ VELEZ              "
2924;2;"VILLA DOMINICO                "
2925;4;"EL RODEO                      "
2926;2;"VILLA DORREGO                 "
2927;2;"ZEBALLOS                      "
2931;4;"AGUA DE ORO                   "
2934;2;"VILLA ELISA                   "
2935;2;"VILLA ELVIRA (BANFIELD)       "
2936;2;"VILLA ELVIRA (LA PLATA)       "
2939;2;"VILLA ESPA헤                  "
2942;2;"VILLA FLANDRIA                "
2949;2;"VILLA GESELL                  "
2951;2;"VILLA GOBERNADOR UDAONDO      "
2952;2;"VILLA GONNET                  "
2953;4;"SAN MARTIN                    "
2956;4;"SANTA ISABEL                  "
2958;2;"VILLA GUILLERMINA             "
2960;2;"LLAVALLOL                     "
2962;2;"VILLA HERMOSA                 "
2964;2;"VILLA HUDSON                  "
2967;2;"VALENTIN ALSINA               "
2969;2;"LANUS                         "
2970;2;"VILLA INSUPERABLE             "
2977;2;"JOSE INGENIEROS               "
2978;2;"VILLA JOSE LEON SUAREZ        "
2980;2;"VILLA LA 헤TA                 "
2983;2;"VILLA LA FLORIDA              "
2988;2;"MERLO                         "
2994;2;"VILLA LAURA PUNTA ALTA        "
2998;2;"VILLA LIBERTAD                "
3000;2;"VILLA LOMA HERMOSA            "
3005;2;"VILLA LUZURIAGA               "
3006;2;"VILLA LYNCH (PDO GRAL SAN MART"
3008;2;"CIUDAD MADERO                 "
3009;4;"LA CALERA                     "
3012;2;"VILLA MAIPU                   "
3017;2;"VILLA MARIA (QUILMES)         "
3018;2;"VILLA MARTELLI                "
3019;2;"MARTIN CORONADO               "
3019;4;"LA CUMBRE                     "
3026;2;"VILLA MAZA                    "
3028;4;"LA CALERA                     "
3029;2;"VILLA MITRE                   "
3030;2;"VILLA MITRE BAHIA BLANCA      "
3035;2;"LA REJA                       "
3036;2;"VILLA MOQUEHUA                "
3056;2;"VILLA PROGRESO (PERGAMINO)    "
3058;2;"VILLA RAFFO                   "
3059;2;"VILLA RAMALLO                 "
3062;2;"LOMAS DEL MIRADOR             "
3063;4;"ACHIRAS                       "
3069;2;"VILLA ROSA                    "
3072;2;"VILLA SABOYA                  "
3073;2;"VILLA SAENZ PE헤              "
3074;2;"VILLA SAN ALBERTO (ISIDRO CASA"
3076;2;"VILLA SAN ANDRES              "
3095;2;"VILLA SARMIENTO               "
3095;4;"FERREYRA                      "
3099;2;"VILLA SENA                    "
3102;2;"VILLA SOLDATI                 "
3104;22;"FRIAS                         "
3107;2;"9 DE ABRIL                    "
3109;2;"TURDERA                       "
3110;2;"VILLA UNION                   "
3111;22;"MALBRAN                       "
3113;2;"VILLA VATTEONE                "
3115;2;"VILLA VIGNOLO                 "
3117;2;"VILLA ZAGALA                  "
3118;2;"11 DE SEPTIEMBRE              "
3118;22;"SANTIAGO DEL ESTERO           "
3121;2;"VILLALONGA                    "
3122;4;"COSTA SACATE                  "
3123;4;"CRUZ DEL EJE                  "
3124;2;"VIRREY DEL PINO               "
3125;2;"VIRREYES                      "
3125;4;"DESPE헤DEROS                  "
3129;4;"GENERAL PUEYRREDON            "
3131;4;"JESUS MARIA                   "
3134;2;"WILDE                         "
3135;2;"WILDE ESTE                    "
3145;2;"ZARATE                        "
3146;2;"ZAVALIA                       "
3147;2;"ZELAYA                        "
3148;4;"TANTI                         "
3153;4;"VILLA DOLORES                 "
3154;4;"ALEJANDRO ROCA                "
3158;2;"25 DE MAYO                    "
3159;2;"30 DE AGOSTO                  "
3161;2;"9 DE ABRIL                    "
3162;2;"9 DE JULIO                    "
3163;2;"VILLA ASTOLFI                 "
3164;2;"MALVINAS ARGENTINAS           "
3166;2;"FLORIDA OESTE                 "
3167;2;"ROJAS                         "
3168;2;"TRONCOS DEL TALAR             "
3169;2;"MAQUINISTA F SAVIO            "
3170;2;"BARRIO EL CAZADOR             "
3171;2;"RINCON DE MILBERG             "
3172;2;"EL LIBERTADOR                 "
3173;2;"REMEDIOS DE ESCALADA          "
3174;2;"CIUDAD JARDIN DEL PALOMAR     "
3175;2;"DOMINGO FAUSTINO SARMIENTO    "
3176;2;"B NUESTRA SE헲RA DE LA PAZ    "
3177;2;"BO STA CATALINA HORNERO LA L  "
3181;2;"MALVINAS ARGENTINAS           "
3182;2;"SAN JOSE                      "
3183;2;"SOLANO                        "
3184;2;"EZPELETA OESTE                "
3185;2;"SOURIGUES                     "
3186;2;"GOBERNADOR COSTA              "
3187;2;"SAN BERNARDO DEL TUYU         "
3188;2;"DE LA GARMA                   "
3199;2;"AMERICA UNIDA                 "
3202;2;"ZONA DELTA ZARATE             "
3207;2;"COSTA DEL ESTE                "
3208;2;"MONTECARLO                    "
3209;2;"BALNEARIO ATLANTIDA           "
3216;2;"BALNEARIO LA CALETA           "
3217;2;"BALNEARIO MAR DE COBO         "
3219;2;"PUNTA DE CANAL                "
3220;2;"ARROYO LAS ROSAS              "
3221;2;"PUERTO DE ESCOBAR             "
3222;2;"KILOMETRO 61                  "
3223;2;"KILOMETRO 45                  "
3237;2;"CAMINO CENTENARIO KM 11500    "
3238;2;"LA PERLA                      "
3239;2;"GENERAL MANSILLA              "
3259;2;"CHACRA EXPERIMENTAL INTA      "
3265;2;"VILLA PROGRESO                "
3269;2;"KILOMETRO 36                  "
3279;2;"EL RETIRO                     "
3285;2;"SAN JUAN                      "
3287;2;"BAGUES                        "
3289;2;"ARROYO NEGRO                  "
3293;2;"VILLA FLORIDA                 "
3299;2;"LA HORQUETA                   "
3300;2;"LAS PALMAS                    "
3301;2;"LA LATA                       "
3304;2;"SANTA TERESA                  "
3306;2;"LA BUANA MOZA                 "
3307;2;"LAS FLORES                    "
3314;2;"BARRIO U O C R A              "
3317;2;"COLONIA LA BEBA               "
3330;2;"ESTACION LINCOLN              "
3333;2;"KILOMETRO 352                 "
3340;2;"EL DIA                        "
3343;2;"MARTIN FIERRO                 "
3352;2;"BARRIO OBRERO                 "
3362;2;"SAN JUAN                      "
3371;2;"EL PORVENIR                   "
3378;2;"KILOMETRO 125                 "
3379;2;"SAN JACINTO                   "
3383;2;"CAMPO PE헤 LOPEZ              "
3395;2;"LA TRIBU                      "
3398;2;"LA LOMA                       "
3401;2;"ALASTUEY                      "
3405;2;"KILOMETRO 125                 "
3406;2;"LA FLORIDA                    "
3410;2;"CANTERA AGUIRRE               "
3420;2;"VILLA ITALIA                  "
3423;2;"LA PASTORA                    "
3449;2;"SAN JUSTO                     "
3453;2;"LA HORQUETA                   "
3460;2;"LA TABLADA                    "
3462;2;"MAR DE LAS PAMPAS             "
3464;2;"ARROYO GRANDE                 "
3496;2;"BARRIO VILLA SALADILLO        "
3513;2;"KILOMETRO 333                 "
3526;2;"SANTA ELENA                   "
3528;2;"ESTACION BARROW               "
3531;2;"GENERAL VALDEZ                "
3539;2;"PI헨YRO                       "
3540;2;"BARRIO JOSE M ESTRADA         "
3543;2;"BARRIO SAN JOSE               "
3548;2;"EL CENTINELA                  "
3552;2;"MAR DE COBO                   "
3559;2;"KILOMETRO 440                 "
3614;2;"ALEJANDRO KORN                "
3615;2;"ALMIRANTE BROWN               "
3616;2;"AVELLANEDA                    "
3617;2;"AZUL                          "
3618;2;"BAHIA BLANCA                  "
3619;2;"BANFIELD                      "
3620;2;"BARRIO PARQUE LELOIR          "
3621;2;"BELEN DE ESCOBAR              "
3622;2;"BELLA VISTA                   "
3623;2;"BERAZATEGUI                   "
3624;2;"BERISSO                       "
3628;2;"CAMPANA                       "
3632;2;"CHASCOMUS                     "
3633;2;"CITY BELL                     "
3639;2;"CORONEL SUAREZ                "
3640;2;"CORONEL VIDAL                 "
3641;2;"DEL VISO                      "
3644;2;"FLORENCIO VARELA              "
3645;2;"FLORIDA                       "
3647;2;"GRAL. BELGRANO                "
3651;2;"GRAL. LAS HERAS               "
3652;2;"GRAL. MADARIAGA               "
3653;2;"GRAL. PACHECO                 "
3654;2;"GRAL. RODRIGUEZ               "
3655;2;"GENERAL SAN MARTIN            "
3657;2;"GOBERNADOR UDAONDO            "
3658;2;"GONZALEZ CATAN                "
3660;2;"HURLINGHAM                    "
3661;2;"ISIDRO CASANOVA               "
3662;2;"ITUZAINGO                     "
3663;2;"JOSE CLEMENTE PAZ             "
3664;2;"JOSE LEON SUAREZ              "
3665;2;"JUNIN                         "
3666;2;"LA PLATA                      "
3667;2;"LISANDRO OLMOS ETCHEVERRY     "
3668;2;"LOMA HERMOSA                  "
3670;2;"LOMAS DE ZAMORA               "
3671;2;"LONGCHAMPS                    "
3672;2;"LOS POLVORINES                "
3673;2;"LUIS GUILLON                  "
3674;2;"LUJAN                         "
3675;2;"MAR DE AJO                    "
3676;2;"MAR DEL PLATA                 "
3679;2;"MORENO                        "
3680;2;"NECOCHEA                      "
3682;2;"OLAVARRIA                     "
3684;2;"PABLO NOGUES                  "
3685;2;"PERGAMINO                     "
3689;2;"PRESIDENTE DERQUI             "
3691;2;"PUNTA ALTA                    "
3693;2;"QUILMES                       "
3695;2;"RANELAGH                      "
3699;2;"SALADILLO                     "
3700;2;"SAN ANDRES                    "
3702;2;"SAN FERNANDO                  "
3703;2;"SAN MIGUEL                    "
3704;2;"SANTOS LUGARES                "
3705;2;"SARANDI                       "
3706;2;"TANDIL                        "
3707;2;"TEMPERLEY                     "
3709;2;"TIGRE                         "
3710;2;"TORTUGUITAS                   "
3711;2;"TRES ARROYOS                  "
3712;2;"TRISTAN SUAREZ                "
3714;2;"VILLA DOMINICO                "
3715;2;"VILLA LYNCH                   "
3716;2;"VILLA SANTOS TESEI            "
3717;2;"VIRREY DEL PINO               "
3718;2;"WILDE                         "
3719;2;"ZONA DELTA TIGRE              "
9900;1;"CAP FED Y GRAN BS AS          "
9900;2;"CAP FED Y GRAN BS AS          "
9907;2;"REPUBLICA ARGENTINA           "
